kappa,beta,wc,wm,J,Gamma,alpha,gamma,field,r_squared
4.744530020633787,32.03805458815652,26.863789733386916,165682.4755059718,-12672.989686898454,118.74469915296041,-183109.87892821297,-76314.95476374768,2850.0,0.504170988990674
4.747852524149077,10.884008393217446,26.760309234064213,70788.44320327447,8888.72013370085,-3054.1721898247524,-179969.76393932808,-231497.17885443877,2850.5,0.5042280428777419
4.682255983304325,-13.0365137073001,24.915908931690208,26392.629958943933,-4717.680159026125,707.0279547650917,17.64593452610988,-35494.016162180975,2851.0,0.5185060580250889
4.684279362709974,19.92531837895741,28.973236309870234,52654.0494665517,-8108.693593390736,2563.1353996094795,-153157.71310748256,-152286.12953818028,2851.5,0.5188281045004166
4.705408410270721,-22.862051409880667,37.13187438866185,13014.325838522236,-4471.131775497938,-1222.1578472999104,24249.137366421357,36007.5790963677,2852.0,0.5166408428418401
4.682853262291144,44.9961210791633,30.52469824973541,33478.5079408454,-6195.675729643112,49.6581944620794,-38063.27235092271,-23353.545317019147,2852.5,0.5184756512340015
1.86076035273782,33.751083409977824,-7.020650451137356,12167.08605921461,-1136.6575668861476,3360.5864600579425,-77256.7328717926,228265.9943551421,2853.0,0.5185147155332255
4.677545727086138,87.38126323993698,-36.62401128888637,72894.6237840784,3056.267206888201,-12931.032466022456,146351.5567312014,326861.20970641746,2853.5,0.5184585092193512
4.679123643812386,40.673138375771266,28.672122216481878,137955.12626714664,-12201.717454300257,400.57506905455296,-174459.21035371878,-119560.08802341967,2854.0,0.5185451650177451
4.681204731072251,14.998766581756662,26.421857127009158,42664.58385917483,-7306.0136794505015,3061.331358111496,-171542.73091069958,-171628.98920206426,2854.5,0.5183962295347488
4.682378351929427,35.28586531303174,31.44201854605463,44259.86275324377,-7245.488069545462,500.2111985944218,-50476.907195159285,-49419.1882028946,2855.0,0.5184882590597604
4.682244517800256,32.23396831427854,32.63475996305117,25843.0445569516,-5628.3306873754,433.2997766034097,-53324.061738855584,-3425.4670258823626,2855.5,0.5185894378060798
4.678483551295911,21.601873993232182,26.940247449292578,106168.25214776046,10842.712502729597,-2810.889761690401,-260915.21223853988,-260207.37870028062,2856.0,0.5184787168302571
4.676938560677935,9.836187128775034,24.217331567776984,20456.466150708962,-5170.424136842123,2742.878873524597,-99226.27760840632,-131286.46055024918,2856.5,0.518876574916532
4.6777515972957575,62.548417028597775,30.40683259447839,47252.69911068097,-8021.412906113831,1010.8508272284581,63264.64019521426,-272558.536372158,2857.0,0.51897512005613
1.8616834681040748,68.57390493615974,30.768718991968246,28135.799113957644,-5998.568801196188,236.064810742791,-58489.05683305077,-27764.983695059025,2857.5,0.5183907680621664
4.677598068814296,31.560062324424962,32.33969644986484,44598.28736416399,-7354.164428166985,571.2091426319574,-49432.38463532561,-48373.470547543926,2858.0,0.5189486803987786
4.676725774749873,10.920840186611583,15.133948173941516,71587.35655617391,-6400.231214314083,-4044.6697620668747,201200.61563739786,438706.16228172043,2858.5,0.5187991590473329
4.666172269231657,40.7471283573953,36.56756937336786,16128.508024446079,-5117.607245408047,1290.60509076787,-69142.62527197522,-15339.293467382855,2859.0,0.520367597326852
4.671363437844364,31.259785330776854,32.59606659763711,48668.29866519837,-7727.495883838881,664.1092627454947,-56411.507064338584,-54888.07236219747,2859.5,0.5195360205404318
4.675148503296781,40.99913602515662,25.991164053052557,45342.11926420073,-7042.474957954484,1107.568513343174,-138015.62506744862,-59054.35461336174,2860.0,0.5192131450220097
1.8604626731023515,32.00813314529,-6.811824286227814,15087.552957650552,-1111.8615395843872,3531.3680128873125,75366.31042277136,88434.1129038681,2860.5,0.5192095190017885
4.667864455257957,-5.2118590987182625,54.491498981372864,16095.655837483655,-6064.705714124864,2187.4789301095834,-43730.61854049512,-38102.06034279429,2861.0,0.5207984179472191
4.675067281546768,21.14351357776148,29.736466925204383,31735.72080936196,-5812.4242996307075,253.4991625310074,-28166.517052334817,-17220.27881528592,2861.5,0.5199611894113564
4.67157676938266,20.368775386083605,31.634415423566043,26648.130249422335,-5566.194044123416,558.2139591071601,-31094.68348496134,-24952.508842293406,2862.0,0.5203869419574056
4.668362354644272,44.56093428057348,26.709320975776457,60009.582555314955,8311.571777708223,-1348.8271395313973,-1804.916521785734,-272398.7207486911,2862.5,0.5203197202208711
4.6700525968102315,58.55233946522333,17.34310626233195,-607184.6069017837,-9980.611822150693,18264.83525904026,-789686.2315796458,-787668.2485990333,2863.0,0.5203202820846198
4.669925485304107,37.03229866079913,25.40311722235364,122469.76424673635,11047.091490137846,-1152.9123387166023,-215119.31833144484,-187392.00742103803,2863.5,0.5202550169772175
4.669102348742077,37.27269954944685,39.018351888206375,30069.175761978506,-6836.451636542296,1020.6982431566322,47.78064721462006,-95690.83548710814,2864.0,0.521081702703909
4.66640528203946,23.753200343994415,-6.9924270351505715,32149.191289883907,-531.7466444274494,4165.852028330646,70520.8098813111,71902.49505193059,2864.5,0.5205573641804699
4.682064754031909,-55.130628163406364,35.25462009745547,17822.63195084721,-4840.068570844939,181.8426758576373,7646.238438736835,13769.014071036498,2865.0,0.520189411607521
4.661511829311212,24.76698438388694,24.038623191500488,51980.948211765455,-6744.489641106897,565.8526864169486,31392.19500008814,-157602.29377451615,2865.5,0.5221723642973684
4.665242865365704,39.369226258262316,31.665797742241487,51382.645645115736,8732.246582757001,-2499.250039540954,-174688.49622697392,-147889.67566264703,2866.0,0.5218453164026708
4.658828471093754,24.584181079116835,28.881169089244043,25693.958351458827,-6144.8569823914,2526.3309080884455,-109540.24346989852,-112643.34338703357,2866.5,0.522923252512906
1.8597409653290369,40.75362359814275,32.40306040675385,26332.60375152924,-5548.665853092267,-244.2431537478925,-23057.561359381725,2036.456429280577,2867.0,0.5219571441361921
1.8593377257616612,26.281087256614853,7.9066043605726675,48786.03959208734,-3232.8851156577184,-962.3348248271124,-223139.01442266552,170828.27387733455,2867.5,0.5219341024780674
4.660760034394688,39.44788330653724,29.938396951329764,102092.47798367539,-10630.189697983167,96.92046722741232,-145130.70608625363,-25889.004358716407,2868.0,0.5221628684162476
4.662235405094284,79.1973106958967,25.0048020710189,81614.18043916051,-8485.582623913493,-3020.875799415309,115289.27964485169,-41263.70978434237,2868.5,0.5224837018676058
4.660427221901312,-1.5636732275002057,25.438340360898046,134470.2687000887,-10794.447324991183,897.8216311377425,-117274.94354347899,-23217.387771639085,2869.0,0.5227928493837237
4.662974995315233,1.7985719958796735,37.36883965036207,17949.66339332695,-5114.5507083579005,1426.2940524183268,-54412.7744431032,-16127.382717637967,2869.5,0.5228274028570656
4.6618307214098405,41.42391493935506,26.301558804405328,122547.62715972087,11727.507371353033,-1987.3874177452183,-283587.20383772714,-275282.19900804106,2870.0,0.5222016686141991
4.65964077441242,20.804453705993563,23.716959547150807,183786.95304223534,12690.137051563233,-1744.067097768842,-278234.4703080439,-275825.8766405719,2870.5,0.5227393731310217
4.652872874991649,9.347155164678215,53.976555914320286,19119.653329923476,-6589.4847801406495,2108.0412065838796,-49522.82628046778,-42393.217533167975,2871.0,0.5240273815935685
4.655498180582991,21.845718439194748,-5.096959941215838,42864.481565630136,-780.3340683892092,4590.540096061855,145123.2865927789,99513.93178913185,2871.5,0.5227832766596695
4.655531761046676,66.85017953909677,31.000710814755607,42774.51395406842,8200.920190942881,-1680.9217391814434,-150771.7941181305,-116255.13745406635,2872.0,0.5230155061087137
4.650495710453431,13.99324115633842,37.590688614428394,15416.433527162635,-4990.578317387996,1705.8937160156372,-32733.409016999143,-54064.259218274085,2872.5,0.5236613493961728
4.655982717711026,37.11322300463227,13.43449788498023,-285094.3942189257,943.9851116377116,-11846.431818858338,41457.8620857251,715850.898416767,2873.0,0.5222519370378986
4.648658728105666,13.278716708054658,36.47883255814835,22942.188604496834,-7227.414128109984,4240.804943782721,20.516592976400407,-307331.98569759255,2873.5,0.5232408389452403
4.655793453595464,-2.47306891482892,14.802127050795779,59028.18157394082,-6543.6365876202235,-3999.1568638194617,282777.3275742186,468908.4828190123,2874.0,0.5219501622788068
1.8575282659607368,36.34820440643794,3.3077707992620815,16924.68493025448,-1209.7597354684592,-1520.5068883350505,68571.36754811095,-50581.11903663626,2874.5,0.5221446575253648
4.6459817522509885,32.54202766111024,41.78228788683456,17360.659729320785,-6203.33142013154,2669.930788806791,-42932.44119569638,-110717.02457596683,2875.0,0.5232439720125619
4.649992531851411,62.85711136463765,36.81813620690255,18673.359840402303,-5427.390382757205,667.2008555216308,-22280.481718990013,-48611.046903434275,2875.5,0.5231581719023155
4.654220276769677,14.3894908722671,23.938053110397057,22165.511321651116,-4570.997209350054,-2348.825065991117,30616.18270009707,120485.1262067483,2876.0,0.5221709573772921
4.648761350826832,17.96403055189138,26.383679433489483,56997.316618484794,-8025.740917373612,2583.4939592719134,-119068.55356880154,-219585.23289630696,2876.5,0.5227392973539224
4.65011273329148,18.55266227323309,34.53857756274871,21262.062851105817,-5513.9889433319395,1558.7658378619165,-89033.35557604078,-13225.856815115518,2877.0,0.5219974963508274
4.649413189180682,44.29550712655364,10.897463872959342,-1408687.0255091207,12097.850333561097,-21080.18793793391,-1136666.659498108,-1178557.189988178,2877.5,0.5215099912496769
4.6563941542217835,-69.12021159708611,24.194095222295935,23109.095155081035,-4876.823707778588,24.26230173257897,33459.92510244941,40821.30950685889,2878.0,0.521412949880046
4.650645493017326,42.46444128197108,27.12171299942798,192205.0733294991,-13623.458643729931,-1212.0734017356394,57248.319232167334,-192404.88239719076,2878.5,0.5208986282842616
4.651323797169022,6.554321362705786,33.874782562917865,50447.36408430214,-8208.423363730393,2334.777635095026,-48672.169981781,-166337.6692210039,2879.0,0.521265825644319
4.641675118298875,22.103989390702736,-8.041018254709053,38908.06450255493,-786.4770625849378,4774.833857563369,79983.21985243335,100659.1994567217,2879.5,0.5219984281190807
4.645435154949271,23.1445250742241,25.9370380429837,55160.30108348044,-7332.635442764064,1032.7465001530923,-119379.30627514694,-49407.33806590139,2880.0,0.5214088175564071
1.8548334789677337,23.03748543985681,5.836179266046673,83810.87032808065,-2985.547198907126,-2298.7967127228567,57950.96584676577,110632.07571117331,2880.5,0.5214081532594608
1.855197797932839,27.582894987877566,-1.1192458273421961e-05,40675.44434778584,-1640.2583150304854,-2562.291351822557,170252.9344516993,-245245.4348391743,2881.0,0.5211073593807971
4.6428771314878565,27.404685285387004,16.956907234851844,-215136.4243804601,-3647.6296075932123,10636.453431761685,-127391.70353046873,-334613.73381358804,2881.5,0.5208190825781555
1.8539814166516442,44.37739331456818,-10.121616763776926,14196.71101649319,-814.6697483029693,3636.6530027278036,-544.4058172972607,113432.33312548036,2882.0,0.5208621869213025
4.646028261098057,16.186603416997016,32.19996096038437,49324.491072683544,-7682.384142703627,1101.0416755252759,-63022.91378714464,-61600.2895844692,2882.5,0.5212316496151499
4.647734490455,45.61901836827272,17.86792723153753,-1313363.6444468931,-10196.25036393656,27419.758491577642,-74170.39023333721,-1840254.7873065274,2883.0,0.5202691820435512
4.638532082565163,61.4280019762886,38.57319545858603,16578.113767876508,-5609.0151782201,1445.3024847756417,-102604.4107303259,-1060.9884319875605,2883.5,0.5219293730011858
4.640515010061863,55.57633767337926,38.030616821787454,15546.867082479894,-5398.497481008502,1509.0399948665595,-76027.58056961141,-25113.944826718714,2884.0,0.5214224572272641
4.645585045457178,0.7798645178040499,17.573075052473403,73937.86514638437,-8082.189756448464,-5166.535807361097,364880.13407474564,577310.1583355308,2884.5,0.5207170154845095
1.8546893359056118,26.337115778199895,-0.26570760210558775,33566.10484007172,-1419.9821151317549,-2379.6548200212333,-1992.7938850557969,-59106.48537421,2885.0,0.5209857377744893
4.640708372590784,21.620497852000483,32.65918421575253,25047.60550030541,-5572.969858446043,846.3431644284013,-87575.41028178,15985.094792963164,2885.5,0.5215484838145419
4.640455315787424,6.139626396991689,35.27846252631517,37718.435926521204,-7140.882264320736,1700.727450048621,40.17071345646063,-131192.98947561896,2886.0,0.5215000181972225
4.6442376534392915,0.33890902435074755,33.355262160008884,42881.71361724661,-7126.680129456513,629.026665656336,19.41482359481313,-50535.80254273346,2886.5,0.5212524935345397
4.638374256651562,23.623167140161357,-7.507634325654954,33505.108481710384,-554.4589705708793,4317.231661930225,-31918.46000867092,175486.8713143014,2887.0,0.5211511492416394
4.638499812206717,48.75383855599905,37.67023997388003,18919.51270836114,-5735.637934350355,1464.6009963510908,-59205.70896180289,-47234.60296624858,2887.5,0.5219024957921609
1.8547587682388629,-2.9596690835724386,29.41143676781837,10346.847043033467,-6075.564397910662,5302.053873996064,-28582.032143962795,-367488.69347050844,2888.0,0.5213929381182327
4.642939422077277,2.3154118578142846,33.42462615538515,36387.30102601589,-6752.954956842602,-1812.1658611520859,-74481.29830895095,200718.80833491587,2888.5,0.5218498014802385
1.8544550246488023,15.48465598621769,24.370832201488632,30956.003630226845,-5033.60163058247,-580.9363028642955,-28364.615723721294,52218.415627308124,2889.0,0.5220524232400128
4.641679618592773,3.8505459790791927,-28.73896088496751,-67767.03436118385,-10116.228455977616,-3705.097811483764,-235641.68862783877,-143847.28832530841,2889.5,0.5217105136999403
4.633399205749467,74.250116435243,27.17503153647438,138553.0684781763,-12575.484947230492,-341.961327286998,-460156.74398911407,73079.73025929333,2890.0,0.5227352889382945
4.630483724801173,153.5408570264442,-27.251938542520737,174419.20692273672,732.8968142874106,-19269.384302994258,173660.5883482059,846689.0932327525,2890.5,0.5232286228241092
4.631035241461857,21.714551604399123,24.45635268987174,62607.798442447776,-7789.5386441235105,1707.8527139253513,-137064.55926169077,-135803.10408755718,2891.0,0.523128709973989
4.633555526048553,24.419526881950574,28.385204979684136,103054.924095029,10861.01973240632,-2410.7873302856638,-227292.58847999864,-216946.4704150219,2891.5,0.5234033492548367
4.637158394579602,-25.815935158272765,18.342701786210704,11536.564586329918,-2588.7911971230637,765.82735673777,-21080.390891692474,-2677.856381249618,2892.0,0.523703124146379
4.63102331507546,41.7380138032639,27.441049948711694,175239.10400771975,-13432.355227395892,257.1997830352246,-225920.01468211663,-137759.41767161613,2892.5,0.5241543208123227
4.628175806252067,8.127432778570713,34.03028218760864,19806.984804867338,-5198.720449365654,1550.1967704527383,-49380.37804607342,-41222.82685369687,2893.0,0.5242590205934308
1.8520739332152156,40.68658863982961,3.933082522755852,15742.417319688495,-1416.100382938882,-1373.3528413078675,53003.32599829896,-51353.26530272565,2893.5,0.5243721782316189
4.631181423917175,19.878096215153597,38.70960204553606,20028.396768498234,-5295.53283720323,53.86267962231733,-9589.319877160959,-5141.784121958986,2894.0,0.5247710084331074
4.6291123088081765,53.91378456461597,38.94242467141761,21955.999427472336,-6346.755956815484,1624.950407009245,-89455.44847434621,-37913.20051176243,2894.5,0.5247003800153738
4.625302980313287,36.80462002239189,36.153541907193066,148501.7002003445,-14122.364741307687,380.271753732947,-169335.07917259648,-57648.003450795906,2895.0,0.5249032292771022
4.622411757674443,14.12207964848315,37.099675178902736,26197.149382488973,-7317.016932650119,3823.639768689495,-25.573255487647486,-278246.1844172016,2895.5,0.5249599554810638
4.625189121070285,-5.610673509052517,40.94740171950632,26890.304857298015,-6902.4107415606395,2960.395634358336,11.064037510321356,-171297.3971765686,2896.0,0.5252060113691577
4.623668909661996,30.246960902961327,28.168342841782184,53694.46594742244,-8248.210064510164,2395.119883343291,-147636.14279294925,-177935.67628151487,2896.5,0.5248667487925704
4.627355970773051,2.8735057463850477,22.32119677371664,166757.65809800223,12807.92426466381,-5945.596772582304,-636044.6101240703,-699295.7904477433,2897.0,0.5241141259804478
4.625498729999572,24.806610690343955,32.05862913231851,26352.7085881155,-5589.12642431876,487.714603711222,-122056.05885507405,67243.85761170088,2897.5,0.5245584777028773
4.624524580212781,69.53729559808079,27.47651144483319,166738.3623050561,-13848.280430550676,-25.064240921973553,-269652.841135801,-221754.0358553586,2898.0,0.5246776854509914
4.617961146915347,65.53305757918235,35.842063920089,22426.21750473491,-6070.3459493580385,1034.464683287258,-89055.3970424814,-19602.380111050814,2898.5,0.5253199046654873
1.8513326949644497,46.06016623140037,-1.3176024091119787,33138.72793439247,-1482.255475753215,-3025.627721272161,314038.0084877546,-303375.7570239146,2899.0,0.5249194156007205
1.8516297557993633,31.459793792607588,-2.354311936531016,60811.25853598943,-1660.3213511231763,-3972.4675324521377,211802.69726692323,-256969.9893754047,2899.5,0.5245618384627981
4.617519778833216,24.15257443196431,-6.424219658348629,37145.75740697146,-434.15147970727776,4344.273085936202,80078.32186263795,73858.73109262066,2900.0,0.5249182340096126
1.850710356919327,47.49394841588487,0.1371901304783121,21150.05842881959,-1113.4903271681928,-2404.357554263718,215624.15425491976,-180504.0533625613,2900.5,0.5245181968334203
4.621605243364044,27.7921859933827,31.69736020280033,25686.891410936965,-5556.305878680259,657.7232395825658,-103977.93507257491,35816.094578264216,2901.0,0.5247972534289282
4.630798273103435,-33.61457177703073,42.33656491203125,11726.188124359865,-4273.502680413607,1165.9484795943745,6.163537097241561,-31228.098935038124,2901.5,0.5241887567002432
4.621889275899062,43.76397519889104,26.165250116430258,90324.98448474568,-9923.317621453562,1305.637565744075,-189674.71641881682,-174404.88940134435,2902.0,0.5240798018508641
4.619344627739835,6.362616900976448,35.92785713925846,21645.588921079398,-6365.367627868959,3355.2779930274523,-105014.01641884199,-110713.85638124603,2902.5,0.5236406031390983
4.6197051473743365,61.3609044759464,26.869559221739443,226526.8524357119,-15852.540070939765,368.2390617437768,-153050.5666350902,-538713.9638347859,2903.0,0.5238125007641499
4.620738586777836,23.911624141847568,-6.460979926092734,34748.10591210528,-820.2729957568415,4429.805755430042,93892.93731721245,107680.50831195714,2903.5,0.5228681381957061
4.622389456595856,48.6418674110599,31.55638658560304,49602.79535915869,-7544.350017523138,-592.1234884136974,-51617.23595828752,13672.875760410037,2904.0,0.52337212916603
4.615079120814161,21.453454254435183,-7.3767943625751915,35518.74768051526,-1164.4805143369094,4700.261365448351,98740.57562517669,133074.8773161217,2904.5,0.5233067678386789
4.620513409286529,16.371811459359023,27.889005033240743,56975.89279212003,7963.424416587388,-2070.3688999883657,-140469.54047406098,-117643.53421909265,2905.0,0.5223088536857108
4.620223600685844,29.254325360118166,26.85545609066857,160433.08072785978,-12392.155056875306,4.996249179325321,-206892.97614195145,-5659.6314836315205,2905.5,0.522552759332783
4.6210086320157435,29.20975711493722,32.02150778545847,31529.77171401773,-6190.317153457769,693.417625787688,-39382.14974504321,-42736.82847234478,2906.0,0.5226918111523012
4.6203123789593885,35.89917231587194,31.728270703864748,28686.59506403349,-5931.571178996988,624.5853928342818,-43394.9046485793,-36655.842977927954,2906.5,0.5225842796369029
4.623236739197957,27.855433511973427,29.361725758313625,302773.5403363659,-17820.876064425524,5.871613145464808,-241391.67633569313,-104063.12982863211,2907.0,0.5221377683483137
4.625490068443699,39.69310205042242,23.2869915297939,164356.88880144968,12758.468190728532,-2014.9958451751675,-291902.99589932075,-468148.98977258377,2907.5,0.521084092781898
4.621606016954471,-20.500237286991755,16.660708480629875,38344.63572409835,-4540.328494751172,2035.8085509099699,-87303.25546098263,-82339.67885438654,2908.0,0.5217807747456454
4.6218356513366645,44.87625037558411,43.88618811849186,22137.940257242975,-7164.04187450791,2775.2832427215926,-24.830519866558713,-182658.21135432384,2908.5,0.5217501389868682
4.625536480966955,48.50485652423262,-3.2059880931548697,47266.83843308238,-1466.0665697661013,-4215.272202138676,205940.00127760132,-148814.99748840532,2909.0,0.5204407747330373
4.623576980662123,52.430429593093514,37.16766628554396,20132.5683741917,-5913.905003421549,1468.0441444113667,-80186.91014542863,-34540.237361419306,2909.5,0.5210723889065054
4.625220424030379,54.545335609146605,27.59440182876823,58553.48686533709,8920.324831633407,-1933.0273400649457,-190417.42591133594,-175382.82693038764,2910.0,0.5208727337421717
4.62307588534377,37.69694378395858,21.17352325331086,133860.27288442577,10505.513737030704,-737.150703820132,-247154.26143483593,-191744.1682855712,2910.5,0.521294291896979
4.629936378236725,22.772002893861817,29.056096424445652,105713.754019368,-10435.39278119393,119.167237973296,-81514.102487437,-34538.44557538316,2911.0,0.5193446116772584
4.626106332207242,-7.09310665575734,29.906422441777785,39517.76288620622,-7334.15640982949,3834.9672369003047,-154015.33248446847,-178216.6805763373,2911.5,0.5205510884171503
4.625512955876605,31.051387256834378,26.32709117816915,100325.44698734007,-9986.273213447323,948.5076589569778,-153059.0247082578,-123250.75243314976,2912.0,0.5201385441055126
4.6204048213324205,30.74277452313994,-7.154356406300909,30849.641333697604,-339.75555739902757,4190.078154092406,23310.440837181555,110508.6292263331,2912.5,0.5199624586054428
4.622117666076171,32.64476188510662,26.922846109555994,156107.13091999938,13085.43875784893,-2362.6127864764917,-328609.1506320248,-322146.73262196296,2913.0,0.5203574238293773
4.621431132184036,47.71131713085303,33.315979845720776,52303.194271718574,-8457.153431081178,1083.4187641217754,-93399.69632475202,-91391.78335329019,2913.5,0.5206222543915275
4.617938927734363,24.17762568599842,-8.554357855690409,38238.673550669875,-801.6453411004399,4868.239888932047,119069.10946521146,62981.805397173855,2914.0,0.520377378051381
4.617271249083932,63.45521083814716,39.333709796376006,14713.169034373013,-5356.715235753733,1389.3204145906632,-88186.11924038354,-4897.203470458344,2914.5,0.5217027414874931
4.624455242574353,-19.984594099577,36.56406190788305,26424.586653386574,-6103.892496263018,2262.4745641177315,-61329.615475764505,-57251.62927110232,2915.0,0.5209000365073181
4.625360896635382,1.9462866574503777,24.159192925807268,8341.104243035368,-2699.1740119862084,659.1531957339326,-14018.036995829656,-14933.468837802231,2915.5,0.5205745820396784
4.6195590404892455,39.1322870788571,20.15176340757678,-133290.0670266615,-4077.8085406219684,9330.859607829756,-132382.65757979196,-273990.29798705416,2916.0,0.5206082395467436
4.6246550078227955,18.432524905573022,22.182870848124693,213005.53004914933,13278.43733113891,-2319.6055026489053,-377156.23466062464,-379136.7334003032,2916.5,0.5205200874383501
4.62010990718688,7.947313800275684,27.20378204846126,39442.704276101824,-7487.148762027165,3937.423744441827,-194158.97695694544,-219644.90372877254,2917.0,0.5212714020057635
4.613108761607721,93.79995482211233,-40.19904903382438,101783.78870628169,1063.223835030867,-14454.340011671466,-324818.2546392906,657404.9383053888,2917.5,0.5212408366123702
4.617667215400584,22.765376661349162,22.1149587918101,222904.26446632686,13300.188101426531,-1095.7388015663334,-276303.2690133611,-266077.6161325473,2918.0,0.5214132272200246
4.618260480969599,31.329791739973462,22.396523577261938,59555.50536598712,-6907.1514969386,53.74138510824579,72365.55014888944,-182517.45039812088,2918.5,0.5221959512650741
4.618132578619492,34.0116122942582,25.560430006760615,178196.5938964091,13176.455010499294,-1161.3478913658332,-265943.91226347967,-243940.96841061302,2919.0,0.5216666334189082
4.6146952150359475,16.40860666495078,38.84126547867919,30747.724883621748,-7402.995253255862,2890.9652527279122,-12.44007073316255,-209040.80312271664,2919.5,0.5228186118328814
4.616117508627867,61.188804356081675,26.279499957640443,175291.67181507254,-13618.724058268946,-128.64388056148002,-380585.89570942504,-79201.5870375342,2920.0,0.5222941985445388
1.8502934539170945,29.45483601255977,-0.053696915329568634,41462.66185986667,-1836.9095158628852,-2594.334000967862,110364.90772336688,-206021.33802841915,2920.5,0.5224143275636068
4.612326871523256,39.964124531814576,33.324069901884506,34062.73418983106,-6467.420681735768,-17.514319050868696,-22853.632071060463,-23367.471695631633,2921.0,0.5237347126390897
4.614607115292359,32.9273359617624,30.703227452128914,28859.79328196307,-5763.317751062797,412.0605755395305,-77523.4944888833,13013.276654943948,2921.5,0.5231722201912128
4.608032054039396,14.66649355355859,37.27532304971817,24110.612372760555,-7629.617751662447,4553.908579421158,-14.512326955814913,-340272.35924252344,2922.0,0.5238502007492247
4.604380475775103,25.6290320169495,-5.499127814937897,39693.7611204325,-237.25782719865265,4301.359344079284,-106610.8328069552,259478.72680900994,2922.5,0.5242268733998829
4.589935949256809,-0.6229060004705012,39.435057694137626,2049.858022961619,-3286.6984560886367,2801.663493666783,-28238.820283808862,-53685.61840926755,2923.0,0.5263033610724778
4.607083622852349,27.6507270480975,31.323051352970353,32326.902651251366,-6086.935195813646,314.7459682955295,-32378.043725936786,-23542.75100608211,2923.5,0.5242787082954365
4.607069543703989,14.39148596962765,20.12285904515919,289888.62240224925,14425.161322554552,-2261.893695628084,-460387.2798087359,-446945.05301247234,2924.0,0.5241739309227953
4.610803255325687,-3.564897126139021,31.26827512953716,61758.75518707442,-8555.927018098719,2524.6282037034043,-123339.06108894589,-120621.85384220407,2924.5,0.5242297126656894
4.606480789996918,9.747933235119476,32.3489852997652,25647.55791471661,-5570.668500636261,1061.1403970904842,-68411.2425124855,-7063.075016510931,2925.0,0.5250671480090647
4.596980669440289,45.037949909284855,-11.45580151753339,3067.379663946113,-1777.1423202437827,3355.14749596333,-76621.16776029576,211780.92222646056,2925.5,0.5251231462847296
4.605021553118754,38.09780587778813,24.35250737874321,117530.52840244755,-10330.320315683479,269.63240057425,-153358.57102068563,-113413.44250334297,2926.0,0.5249610004397951
4.604397379456976,65.91371666647568,-34.10283196324788,109172.16265030799,-3441.1026673629717,14707.776843013255,404981.72349058924,216522.18819588947,2926.5,0.5249701800230173
4.603463324024373,50.978481281070835,24.953623212841066,82526.10895297669,9258.317138644637,-711.9720836285406,-161142.03060711827,-139985.00359980794,2927.0,0.5252361012458446
1.8492314210224794,31.504001442239485,4.58592414937046,61664.85134319987,-2693.6622955517105,-2155.4455180969044,84408.34483153714,-94436.16812166719,2927.5,0.5247284030253414
4.605354416233941,33.59358168909752,20.549223856378127,259837.02109929323,13677.502324574332,619.0505547137802,-116063.976602941,-261890.72945285725,2928.0,0.5246885708126908
4.619401156118286,-28.715160659180654,26.944664065717223,18660.705838382208,-4386.044081365584,-645.1283372899285,19063.68511468136,41459.2777501716,2928.5,0.5236111115565865
4.609470275345207,49.9031624539942,26.975872417645615,184755.68444335082,-13487.342539866604,-1095.094332562301,-429724.5206315363,225198.38067871312,2929.0,0.5239870925629575
4.603779287914772,23.60493968814493,-8.555963049247861,26833.275514446133,-598.1365846555987,4027.1506888248846,19655.90133042478,98188.50093840147,2929.5,0.5246896508164272
4.6045084160670084,25.463087686224668,37.034613619432896,19557.168258212707,-5731.485683696691,1947.4438296151923,-69656.69947214544,-52444.613717948385,2930.0,0.5247743317815816
4.611134537233177,-17.457825169688867,40.22709460684879,49244.817957823165,-8654.15922181293,2550.742433102275,-87208.1660130171,-83195.34504844724,2930.5,0.5237716006052103
4.610160620222844,38.08750219845653,35.530940955728134,40683.65535886582,-9032.24198808835,3837.064388897456,-5.829568587862723,-396235.10892270395,2931.0,0.5238312033024752
4.616700067916128,13.010524670445118,26.033514931187835,24408.591894494322,-5337.107356560314,2095.977860962048,-2345.8319676323526,-172334.0872775894,2931.5,0.5229629834598462
4.6188834016598665,6.536391499807072,26.334481525874033,-24814.28915751328,-5060.079993737519,6646.385091322772,-59819.20030614199,-403189.21506594645,2932.0,0.52234472428619
1.850676672199143,46.742720002168284,26.33531042082606,70481.75092847418,-8561.152977022934,618.7876433271048,-161124.3929213036,-54018.13219322975,2932.5,0.5214787398923513
4.616267089853416,54.12924004406434,24.49958205149174,81678.70525252404,9173.477281116302,-577.6215905793141,27172.091033276818,-325360.4461585105,2933.0,0.5221796598449527
4.625873962818333,0.94897837965086,32.50468368791445,28187.600828659797,-5715.399856763081,666.1550511737711,-59885.3312005141,15620.680850293618,2933.5,0.5211215805452638
4.623940150029623,22.4461704358409,-6.577929621917138,34176.794017414584,-492.1389224382589,4177.514409611186,-14373.648225468798,158149.83978524627,2934.0,0.5201808409394364
4.626176790236026,42.044078613532655,38.01814359375943,28488.352610596183,-6723.112490580159,1256.613072975039,-7.176671940146206,-114197.91841151545,2934.5,0.5202635998799338
4.625454608179137,-11.565711299229237,32.59334268354542,-14521.855146255777,-5418.296592789398,7093.277224746658,-203345.11312265476,-224267.5304675336,2935.0,0.5200698337092081
4.62965452386805,29.960508031095475,32.73967884114717,23369.84633106533,-5438.757263748477,745.5288766162314,-28510.14087015892,-41012.19502150819,2935.5,0.5195178348193943
46.49449586651228,143.17306739065108,-18.46407378522017,-1477445.4503612209,45940.732060791415,-9596.384895001922,-2044017.6982906463,-1589795.0934745702,2936.0,0.10505002560573173
4.633271505635783,49.217165552986735,23.840995609197094,-65246.69448081575,-4246.351926782695,7318.799440193791,-75189.0603693175,-251020.36774208414,2936.5,0.5182341904397718
4.64230017667433,32.67210622012416,26.695567378444462,87742.60814456503,-9001.245309990572,-1011.8204505798183,-2433.00216816128,-1464.501903209353,2937.0,0.5173763951668322
4.6418592261327,13.321345862623556,34.833867686388174,23270.36864584148,-5780.308862928563,1753.4406975743818,-70076.19278326833,-44318.396785884834,2937.5,0.5173271120283907
1.8530401776310836,30.625935397051066,-12.638900505162445,14601.935369520796,-1896.1682695337756,4288.510711488141,0.7532256128117176,185237.81975149753,2938.0,0.5163953760897936
1.8538404611164436,29.106696436418865,-2.279569792379718,27215.06355746432,-1410.2048199660712,-2551.973905803259,208507.72390250338,-274661.61486174254,2938.5,0.5165138216157334
4.644689504938225,17.292149207123828,30.180350609685416,95492.94701439307,10977.683562924121,-3320.638212334732,-254997.24155479195,-249406.10941862117,2939.0,0.5161243689915146
4.648732195801558,34.18447255160812,23.588019616168516,122191.21855344757,-12170.946645364163,4033.8310641369335,-485593.92650387605,-515680.97057347064,2939.5,0.5157506819070015
4.650368611804557,52.51077241926701,29.594248474005585,67105.69747813849,9385.898735048784,-1528.7192489958288,-169233.99946730267,-146094.78986712536,2940.0,0.5153098876950793
4.652735975770457,15.556504248320525,38.80876666781861,28114.593425424584,-8015.675089373495,4421.664204536296,-8.101856227155007,-334317.0114032604,2940.5,0.5147092645302394
4.653088189297712,22.969817080083374,34.32166211218216,21154.70253567715,-5645.086790348858,1805.5955054803674,-38952.43898214598,-83587.09645594253,2941.0,0.5152390171103318
1.8541346506103888,41.13808013825619,0.22913164569574576,30956.007461183533,-1383.113155580148,-2630.3304370738715,206154.37345494496,-185021.50157695045,2941.5,0.5146942041365292
4.6569173983456045,43.1703642734157,13.605018220027556,-619148.3207832669,1760.3233616615933,-18026.555856314462,882939.7788467387,872446.4613776116,2942.0,0.5141357762777976
4.659849593050045,17.648036922906428,-7.866668982779826,33407.90337638766,-1620.3380782189943,4789.7710563207265,134601.58764242206,135431.11634216356,2942.5,0.5136024948751123
1.8551522358499204,40.75518494388942,0.3918232944335394,28931.85247392243,-1124.587879307822,-2676.009214037909,189368.86678822635,-133755.08848285678,2943.0,0.5137458423071772
4.659934335351545,22.886274872890482,23.55857133096417,142731.94859286596,11311.256337897277,-1841.3109456616576,-264756.92237636144,-242078.7998089614,2943.5,0.5139705764723237
1.8566720736040088,23.3391482061769,28.319097170760266,27397.75637435487,-5186.008188261505,-278.3987512186674,-22879.066457627716,17149.96897493771,2944.0,0.5139128303061823
4.6624574060839095,22.445240558884947,36.580328357648845,21120.409080276655,-6105.160058379005,2449.4975456417646,-77346.6835860193,-82443.36559542899,2944.5,0.5137288519422759
4.661613899329833,-16.15684340178471,31.115657509894856,35016.7292084778,-6326.296179082596,1974.6068425398428,-66101.47427106426,-59811.13433867391,2945.0,0.5131862787710405
1.8561620214213361,26.805587505675163,-0.3379316329858963,33911.54913487182,-1698.9849797132508,-2358.6235497170032,98659.4296539771,-202824.63243042142,2945.5,0.513544329201298
4.651607596034962,24.700653648395924,-12.142513536905598,17992.559066321577,-936.342957791896,3841.1131754224216,-28814.034055254935,131107.22073087742,2946.0,0.5143897511901785
1.8556826291515027,38.88050997690815,-1.47204331224807,39934.723202381945,-970.1151524790465,-3478.0315033680254,177276.67754215785,-94581.64254694896,2946.5,0.5138246871634077
4.654592562614664,48.803309510461176,41.570939138495724,23548.797396454567,-7922.444416905123,3690.9303065436293,25.731410095910697,-276565.7082237057,2947.0,0.5146897421120484
4.6721292002150605,-46.79741889548641,35.25347186935891,18852.667226918365,-4889.328436061686,485.09388468160154,-4164.001789821741,7347.081573878978,2947.5,0.5130691980728366
4.65096267037135,-12.738493087897695,35.70611043733529,10341.392815101624,-4384.790184595292,2728.446274917298,-46424.55388119667,-68674.67363602864,2948.0,0.5163273455979873
4.653886497764978,62.684010972014455,37.769799089335066,18330.816210494995,-5777.189508874415,1348.7595297405385,-43216.93035419788,-63863.04914219732,2948.5,0.5155041716337923
4.646592796628205,42.535813997492,-11.790853737820655,5525.738917697543,-1286.382698618651,3042.4071587781286,-30838.809607199073,127299.096683732,2949.0,0.5155815741809977
4.652375615428137,39.85444671386344,-2.9244828414586594,47297.598567859546,-1156.3320587260173,-4057.8503817976807,92862.79902233643,-23161.869877508903,2949.5,0.5160931488105988
4.645376870306559,68.70397481437766,39.191184659154445,20250.533841606662,-5926.170135168977,853.6059520027354,-47648.80976770466,-37564.27298490388,2950.0,0.5169611166778145
4.649446602685889,16.3749462462846,26.256024338498452,189498.83858073072,-13176.057398858575,467.7172154464732,-121250.4364992997,-114377.49209018855,2950.5,0.5169783178832041
4.649481117073108,26.6077966085444,30.783692360935245,34791.193714819485,-6260.4286250842,373.68493909836496,-38751.04657197515,-24571.220445837967,2951.0,0.5173058606537743
4.643950107061782,31.15164977258166,37.62664157859588,19916.324547429576,-5479.172248420305,1003.2642593036019,-41467.82619565599,-29082.982683686867,2951.5,0.5185151161304544
4.630401529303149,47.898643926998766,59.98648518558451,15101.925267059203,-6822.827629785785,2685.537594137907,-58845.5714254185,-57868.3998112328,2952.0,0.5200325267254863
4.639606399902386,44.183875109474464,27.985525423996588,97130.48142919045,10717.111999890134,-1645.2282820231112,-216004.48302627567,-196334.42436459812,2952.5,0.5190019094493645
4.636021027956812,1.3039354907773648,-12.61197430103305,19979.15686988605,-4046.309087665437,5511.271823199716,2.12952543232209,440117.7310577966,2953.0,0.5193860505812777
4.634307043963476,21.733508168356654,-5.540606832982349,42325.95790738588,-613.3990148866424,4516.6554698136715,63770.90234627438,138919.35419909185,2953.5,0.5200798535741706
4.636036245774323,34.74544445492283,20.432304320481744,270648.05822345254,13957.233263461641,636.021620522684,-151163.77654272923,-262947.0354345796,2954.0,0.5202677732722587
4.629909543845517,30.441586867530123,38.049218880021705,20450.61461466502,-6440.4349898499495,2793.456004398728,3766.8672883644076,-189105.83865397616,2954.5,0.5215633072866865
4.631067742551008,55.17805647616629,32.953639261095304,32790.67088120469,-6770.615452796108,860.2768930513655,-65085.83332638846,-61426.51799520999,2955.0,0.5217461051679189
4.630488064469795,40.81117260516308,28.77325678178979,-70223.15389512264,-4300.679403599272,8570.714624526838,-119322.857068995,-229569.935015517,2955.5,0.5210818662707088
4.622861890981285,55.29681621813854,38.30960440116981,19856.218445879156,-5954.111527000195,1423.7338093840012,-32807.71873551707,-77475.85151830481,2956.0,0.5230676490402069
4.635348463807161,-8.036731365352523,48.3667965494193,17333.17021676695,-5546.386488720599,533.7840066319217,-12028.709628948254,-6465.445946637616,2956.5,0.5227494290202215
4.628756469954182,32.440327178292854,23.377456591953326,195632.35133190444,13103.289559944118,-973.7225254229121,-272870.38663479534,-268144.93400374247,2957.0,0.5223830002724091
4.624399216870051,24.772881573818275,38.89844300863389,23712.832425699376,-6462.366280265601,2217.08684715987,-70508.78184790256,-76425.14495814379,2957.5,0.5233956926482757
4.628671061972734,39.95992294424089,27.074795917813432,260616.47946482443,-15931.143289760725,-775.3349597790398,-194707.15430275924,-97316.5672917941,2958.0,0.5224128471874819
4.624119370411338,6.378932063949459,25.54799208280562,11870.654289030743,-4709.193292935491,3191.2796729417796,-71372.6837148267,-151172.84941816147,2958.5,0.5236156542413901
1.8521169633347807,36.24414903899058,1.3173834354899654,31032.4567745383,-1095.9345022039238,-2591.122657727669,112284.99781733018,-35707.91360043408,2959.0,0.5235007491012968
4.626019574963739,44.28794636793839,26.919270007745247,77752.53689732734,9635.039015990076,-1835.052341578174,-148314.08792768262,-245967.07753407408,2959.5,0.52313670479852
4.627622188029046,17.153777255547585,30.47848778148711,65119.58860854845,9779.962371707099,-4118.324161690691,-85730.93999889515,-436919.9469152659,2960.0,0.523795240799549
4.623438996090968,23.06780236332767,-8.150536924393409,40451.84760313448,-717.4266818744074,4868.021713968546,50770.16430767485,127424.01916292886,2960.5,0.5232182699059392
4.630467425008767,-7.964559002977135,44.658275494841476,24973.956588650526,-6375.035042918143,614.9637205168763,7.431309097833843,-26426.28206183688,2961.0,0.523269574215318
4.626108657195166,-26.300608210212417,13.344261738292722,31581.2256037701,-5491.96946911526,-2347.273855895723,197870.02503252667,305967.05975349137,2961.5,0.522933420944545
4.6298815565047,29.552327839196266,24.721848136015584,65329.0945892196,-8209.965102645674,1789.460126999847,-35626.79436853878,-282050.5947530335,2962.0,0.5224192712474836
4.629882869351675,8.973413409664989,32.06493284055902,26356.768629035032,-5669.354754055015,1276.2076845855038,-47748.746764347634,-42876.533790848574,2962.5,0.5228905875379304
4.628302685953978,18.20078031832529,-6.602911526229378,27334.504933024324,-979.3755720740645,3920.6431944032397,26081.954720094833,145527.92772282416,2963.0,0.5225146962220615
4.631647915354539,41.408429365692136,25.867127421585455,69611.20164904627,-7945.9721125385995,-935.5186094509369,-69837.74020724543,42268.346080127056,2963.5,0.5220621862195316
4.6351393355486055,19.808695666883644,27.060931220228067,73957.66336408826,9099.399411942255,-2525.2670603803062,-201262.09931464144,-177951.77129145167,2964.0,0.5216777288536304
4.629595688851328,63.09673934665368,34.461427002217846,32241.277416892262,-6961.2513915244535,884.4244509912173,-68543.49254565344,-62484.080219914686,2964.5,0.5218719049102072
4.633748127956107,26.30863201987135,26.68231713217733,67740.52513560948,8324.648898493147,-1228.6291399944819,-137722.29300500092,-84981.07480237991,2965.0,0.5215156712148736
4.637925178132115,-37.35019896834459,11.111865203941974,15378.60138779789,-3525.6861034641843,-838.9581956198972,95069.9437774796,104897.20946309286,2965.5,0.521023774099704
4.633017089642621,-3.436504400904021,-11.133352206894855,26247.90393640719,-1879.5152086098785,4299.88199640483,17.58815806567748,170488.65527634663,2966.0,0.5209098379671933
4.644702980543442,0.5248523375687311,16.019916730239398,87129.80422213515,-8825.705370616728,-6161.498555342134,645686.9259544723,738858.1814471628,2966.5,0.5197145674484176
4.646587208849525,-18.57204015815868,39.81219328518587,35723.70958799889,-7144.436229596334,359.10039580202744,3456.8945306353626,-9070.778809223822,2967.0,0.5192018141117979
1.8570720784818118,33.601098926267966,32.36705571685604,22796.89444914236,-5158.794116649841,-33.513951286370116,-16624.6658136653,-7012.87296489404,2967.5,0.5191061155259669
4.6408872806199195,56.660770187921706,36.26602408643913,17448.50117620817,-5902.323285187571,1983.5809694228105,-93517.72282677179,-51744.27099940474,2968.0,0.5197359007488089
4.651844444799026,55.437924361239844,26.803828465849325,196012.90153924757,-14047.058973184096,-922.2736540365032,-456122.3760513576,153230.33190778492,2968.5,0.5182243498115353
4.652807952090646,27.63867899002681,32.398165176191874,46990.06638367108,-7455.543073942193,317.19484138497506,-38001.2372182092,-35612.666519009756,2969.0,0.5180990427990325
4.655044819832366,22.4801847316868,33.886864605163076,24723.00253423929,-5572.133408865098,546.7179807055707,-32807.674288312446,-18765.38710620388,2969.5,0.5178052916518894
4.654900618734135,31.62790612279075,34.204953683409066,39301.24770041417,-7391.270049832789,1453.6150183063319,-34.65901290911558,-154314.45226477055,2970.0,0.5177028183764373
4.655671891942877,31.951815017026806,41.09434773810318,17953.080318295655,-5992.194730811479,2241.6328135339554,-30353.751576200015,-99782.32750874842,2970.5,0.5176766367758736
4.65885443204879,33.41327451087119,23.985391154315813,177890.0585135602,12807.209700590538,-1277.3528346353469,-277875.3295224383,-282430.9285407269,2971.0,0.5167195333769461
4.660059491785204,25.744893533132412,27.311543942865494,144398.41853747395,12551.657926405249,-2541.58434624808,-302551.1904234747,-291983.5418647202,2971.5,0.5170045023625409
4.6574544107428935,45.54638766428763,26.675348461770664,-44826.847304940406,-4081.248811692438,6642.983329254956,-33053.37289222668,-250206.01793118267,2972.0,0.5167124007573038
1.857473343176047,45.597274399329145,-1.880356659444819,41363.41959696258,-1040.9796525502763,-3820.476136038821,137935.34505056217,-36106.85264911751,2972.5,0.5161948251624919
1.8587588022310126,29.156693447585912,0.2176465018159341,46963.51925753307,-1603.9094969242994,-2805.23854914877,197848.50511665567,-235528.85727329444,2973.0,0.5153117874824751
4.6655862155904275,26.919160503606893,14.187622659044042,-289592.7994474046,-195.45974740830925,-12027.93688163271,-3544.047848624089,852037.0258054241,2973.5,0.5154756590719916
4.662420841643105,30.6369603860082,38.286900122309234,-26795.820138722444,-4183.452268261928,6822.83776297924,-61508.48231292249,-175934.92769887892,2974.0,0.5154599167219046
4.669277571072682,17.88896266069091,22.09349505413898,220269.96823120772,13096.68013413406,-1190.161850101567,-254761.67028443012,-244379.20638964677,2974.5,0.5153174234007909
4.674985639874351,36.44409039892709,33.660078362658496,28576.24397186079,-5977.713415061553,194.95587639182682,-35967.6067036278,-12414.705945066138,2975.0,0.5148892394273108
4.669701872837086,23.186121396751208,32.45905044994099,30886.55794070089,-6269.103080298219,1207.994920991696,-45490.587045832995,-64504.53117227817,2975.5,0.5157478387940173
4.670373949699767,53.86880457061077,34.99706798413819,52565.306999105174,9371.051583320113,-2324.53511364941,-159266.44863756184,-154501.06816061388,2976.0,0.5156989751474884
4.674435466037935,13.576911547072205,24.828496235684263,102153.28167621382,-9378.522141045634,537.3907380170214,-85280.38277128048,-62664.56644515334,2976.5,0.5154689071336366
4.677658965689503,-9.761808621160881,39.070797792544084,61741.69990415421,-9489.14185002596,2277.17186883911,-90363.08255219103,-89206.02338974208,2977.0,0.5157218002687334
4.673326465847462,-0.1260870761479242,33.74582611077541,50215.458507378586,-8568.49428439721,3648.670349518377,-164026.0589474699,-168650.0599187887,2977.5,0.5159529061314716
4.672265614042507,29.876811677304428,37.88902334548384,22360.93276045211,-6135.400925622251,1859.4644045964976,-85686.16011766464,-40764.15344449667,2978.0,0.5167888282709907
4.675636567724359,36.80749369373202,25.620638400712306,159209.62362350235,13006.362338028535,-2178.839883845837,-346102.006420505,-341043.5200401242,2978.5,0.5164963956168669
4.679120136670318,44.53040574673244,27.887402702127545,123115.22904420785,12111.937720240485,-1957.6510635276077,-273448.49041624984,-271049.3430000554,2979.0,0.5160590947030561
4.679419034274809,-22.08018819047777,36.04664906245783,33498.48415312048,-6712.344801389411,2173.1170790202686,-64473.90887968386,-57433.87744991144,2979.5,0.5169074734005601
4.671188164744023,28.642919062659754,39.795675551056334,27009.879539908878,-6655.297478267832,1537.3344826959983,-16.7868754238319,-112502.37345904452,2980.0,0.5179535479228868
4.673361446805845,42.87840164853577,-3.859221744374865,48706.162916813024,-1030.3978689223143,-4431.001316185482,162263.8625752153,-68444.66309233132,2980.5,0.5173210789852262
4.671444114768802,49.78133184347406,37.29783023173817,19389.325835293977,-5836.813022420658,1553.0196569671223,-61607.17559825619,-53599.320805457835,2981.0,0.5182659714337674
4.677027039785644,22.352913847395556,28.736582837725514,123232.12124206581,11800.89144663522,-2411.727496080902,-249717.81796067252,-227912.06417867218,2981.5,0.517563267773689
4.672400174239582,27.525560802869943,-7.846931951428289,32763.06105104413,-491.44576545889095,4383.042193099165,106941.07933779858,35264.88466150098,2982.0,0.5180085526512852
4.67542214362696,29.674156045911168,29.500798301200984,38629.645438096806,-6422.551622523562,142.44935725790154,-36211.874785760425,-21470.98940873855,2982.5,0.5184610707806399
4.676718812176509,10.534055290704954,35.58688403567633,38203.393544770144,-7428.886443818639,2210.2575760347654,15.275485209091288,-177893.18300292714,2983.0,0.518899496068497
4.671284037517336,-9.523405118840605,51.17413654522933,21483.094130458685,-6679.917781621772,2259.1816150836444,-53385.251185237794,-44003.06118382601,2983.5,0.5192089212081075
1.8618758862717033,34.14931908564486,4.553317055859179,58323.5532676342,-2727.6983888716345,-2180.5146823164305,84063.55287514046,-101810.51078294913,2984.0,0.5185316491404464
4.678904861285424,20.23827040369014,31.944471685898453,29940.203007700078,-5891.219609060726,411.0666292746596,-39163.55924304961,-10964.47767014434,2984.5,0.5187383156897374
4.678470852517393,-9.62627538051339,55.70986724640058,26472.627676254106,-7525.300345240114,1679.1348056127317,-38576.97316667372,-34490.33522897502,2985.0,0.5195076857790889
4.675175995244887,50.287927970486834,26.175380768671065,-39981.5796175028,-3808.887555896208,6143.177931782213,33903.673999153296,-272676.7013111139,2985.5,0.5193193626039236
4.675717488439427,24.64324687432741,26.62314465266849,203879.38961134542,-13964.994938566699,699.1122338840528,-230556.68483816768,-135733.95993284803,2986.0,0.5195651132039603
4.680913927972023,-19.43840655440867,29.40735454895472,55583.32774439767,-7522.196975553962,1046.574950332697,-49.051731660177126,-58311.12041796892,2986.5,0.5195773450483492
4.674393795730868,47.493267643525535,36.34317542602017,42929.91994885329,-8174.325734520354,1525.0622451890372,14.563475981447638,-185536.87719506441,2987.0,0.5202004295304319
4.675985905282847,14.819177615499253,31.938624672897923,56796.25337987384,-8177.224794714775,1110.241701338891,-67948.98733933794,-66732.68415615306,2987.5,0.5201938692289443
4.681321183779409,-1.5700547653089094,14.168463909552528,13765.876072596096,-4155.9819633200905,-3388.6684903953574,210282.99960808936,215675.95229427645,2988.0,0.5195826905428611
4.680256984168364,37.146099875596065,28.351703086212908,67667.42196640924,9240.591687046423,-2240.986752452245,-139850.73487202157,-232449.81113637384,2988.5,0.5197765538797118
1.8621808629392846,26.380185131749652,0.15458339494708812,41917.25353242649,-1799.6693206374969,-2499.2299310799453,-41374.149168410906,-69104.93631469921,2989.0,0.5202266380614646
4.676209561755816,40.83854160233796,26.977165423329478,-42799.29603873915,-4544.926510017366,6757.827964562381,-10161.8596135269,-331271.7782464957,2989.5,0.520023274231775
4.680562647131333,35.281912543057075,27.7734071951204,65320.221859321995,9053.7198491157,-2380.310472495072,-29168.410799292575,-354370.56604486116,2990.0,0.5204629772503961
4.6786702728153,-0.8512771002723238,23.590588708274826,78065.43502598786,-8394.079849824704,2958.760872833858,-199651.71042653217,-198775.0200764534,2990.5,0.5203320553393203
4.678402501104968,5.6418480288919275,51.41474947455,26590.082227200444,-7197.127704047037,1117.5975403672157,-30414.3408614367,-27100.126903928554,2991.0,0.5211952958118581
4.6805939321720835,93.29890438197545,-17.322076027711702,-999131.6310115833,36541.92754259362,1497.916193632758,-2391766.31519268,-2953679.019304955,2991.5,0.5199632309367668
4.68247800917449,-12.939566263114882,34.93885450770226,39856.390059781435,-7279.2661127559495,2365.0292296733764,-82697.01444401644,-77703.97391344479,2992.0,0.5205124320992243
4.68759878289238,5.54705710057048,36.62713810721322,34730.74030539272,-6789.040098013153,703.1915303433922,-20.389885634110822,-53371.34772088463,2992.5,0.5198046581861232
4.687158187335944,-13.247741196412225,38.88156461227027,30044.586813465878,-6469.6729460492825,592.6628311631813,17.136002649596207,-24559.823416513937,2993.0,0.5199385585460676
1.8616619195269062,38.144537896741376,-9.456544646668148,11569.105231949972,-1209.1730414415706,3527.3153356783364,48945.36781382922,87166.01203589814,2993.5,0.5201346933485933
4.682292921029369,54.74889030973644,14.607898057041679,-409162.58122436906,-4762.07334601015,14355.753256275362,729432.5201416955,-618427.0872609651,2994.0,0.519549720706485
1.8640883229489642,27.928703903164465,0.8353980347797887,31118.49052902925,-1657.6151186449201,-2001.682646119724,112932.8933196348,-195342.17882909262,2994.5,0.5191787154718521
4.686627181077524,4.045874669188307,42.67090587181857,26679.291527606085,-7544.1844207426875,3809.328060961837,-9.240199077452115,-238088.8488938568,2995.0,0.5191213228115952
4.693961872271958,-15.708645698967015,38.69080951726869,28076.795099313687,-6258.785905796512,978.0935806749053,-7.80763478761495,-44136.261941826444,2995.5,0.5185185039610072
4.685308138142463,-1.8259938247633474,27.588939724677722,12948.325443022932,-6410.704512459843,5389.683132503832,109617.23150761922,-568616.164388483,2996.0,0.5186385188029983
1.8644011813177142,41.54454700369925,1.2063764348451738,32839.275949497904,-1355.781944300432,-2717.4363755300724,204877.94194894712,-145270.1445705544,2996.5,0.5181398777002961
4.693004969001963,74.58125210469458,21.18358480704412,341872.4692507147,-16325.55838770826,-4631.052687610505,-223787.28209323896,114645.30807796291,2997.0,0.5173921822930008
4.682145238094955,34.64505949320315,-10.783536873985364,7926.136005403502,-1166.7915786554945,3072.287086121259,-68912.6289972932,167825.73571968326,2997.5,0.5182118097473265
4.693428684061169,47.84783861415438,30.07861429041212,39390.35180024024,-6759.313009315148,227.19797605276014,-47195.38101669055,-44681.142110195906,2998.0,0.5173004597219737
4.690322865254551,32.618284791970225,54.935324353633646,18561.504784675322,-6949.371555206335,2557.4819465962732,-60121.4233339347,-62479.50473322807,2998.5,0.5174716138230389
4.695023527077837,30.397519534938006,24.53827042133335,90086.46504121428,9217.485032673812,-1123.0109679167654,-84396.23930381828,-210392.80249406886,2999.0,0.5163690956162914
4.700237914410235,43.98193634137945,29.719957745118872,332406.56640639645,-19183.557816158158,-48.004297725328065,-294863.7691331419,-272520.6595036109,2999.5,0.5159303132651105
4.694421581139352,26.30563271208964,-11.40728064097239,26543.838407664436,-890.0118805883525,4501.403671137766,68607.32260868658,65038.22706209434,3000.0,0.5155766053845107
4.701408940660366,29.56540235986898,22.5480990556042,203356.07915728432,13080.651000444655,-1129.3648631450599,-299364.11081027414,-282530.21606336144,3000.5,0.5151536442265254
4.697853979800711,-12.330226677892583,31.70876040368271,9549.079716949911,-4221.805170654064,2958.2994902473315,-47198.505029558546,-90724.12380124327,3001.0,0.515701937828243
4.70060515010424,-11.08751324503054,57.4811332739526,18387.07536089655,-6639.158479448211,2427.514354249903,-47875.308418635934,-44105.260775200804,3001.5,0.5152712677425633
4.704501952816794,52.08111923536574,35.22119884598328,58072.531776408774,9757.012012272806,-2314.6866068423046,97131.51342949527,-423127.38796317624,3002.0,0.5141518470575146
4.704949038592174,53.152921746179935,22.529746005691294,297543.73812838405,16297.165426032923,216.98505872175156,-428808.4284204106,-371171.63779147074,3002.5,0.5139448838896521
4.701517883504082,23.088651240613974,40.2938153569396,15009.561169995492,-5740.213621527076,2760.108428586903,-80315.5835753332,-67306.06820002844,3003.0,0.5145001034084948
4.716725630656398,-38.18751744391312,36.790683003332205,24671.55257040281,-5724.7375852742325,300.96947700081455,-1423.2844415148202,12236.201808912056,3003.5,0.5127436950276583
4.71263433750592,-12.055452076383377,18.732893087711076,33376.16493311463,-5171.896065512886,-2056.1488429366696,75905.84702019511,171864.2843171652,3004.0,0.5132753750917336
4.704544532038999,12.25096948984004,34.62645752002182,-24802.084201073227,-5672.097399384049,7528.031064501748,-110193.10879110974,-317490.158776516,3004.5,0.5134251087505658
4.704855938419956,36.0649090036557,35.953693349456024,26985.877230135997,-8613.88086860595,4823.225697313627,32.44592789355441,-440588.5453967631,3005.0,0.5135525581276912
4.71244537926669,0.42444263342808447,25.24332683918753,11398.313954282397,-3164.2012261515174,499.07509920687255,-23462.663110659283,-779.3698809485202,3005.5,0.5130554177181057
4.709160131417994,36.59014830086459,27.210030962325952,110544.69775213978,10787.237996146874,-1025.0016079681247,-166083.96639746454,-161500.3146257525,3006.0,0.5128600238965899
4.707806656413951,22.21798942794841,-7.67143303476393,44961.27443992488,-754.8661745311663,5039.537458019735,86949.01779961085,114064.29899364829,3006.5,0.5126559127946096
4.712701316827619,16.673607891922252,30.11795852868417,37272.42731419981,-6348.304676277387,475.1112045172037,-51452.33048189196,-10277.005203762525,3007.0,0.5130309861309212
4.712565509676513,25.62568812399269,25.801876407149035,89993.8902719648,-9489.810541133698,1584.1216915994746,-95373.84547685324,-230367.99271363867,3007.5,0.5121897163870883
4.71315280141776,24.817811435515942,30.805336277476655,58914.083473254344,-8103.516352137568,349.9143618092401,-45807.49199835269,-44322.33492412469,3008.0,0.5128811915718677
4.714792233928119,38.808301367454675,-3.804156662118058,52772.62291031966,-906.6090155203722,-4550.385969292419,151021.73972926487,-42223.40610211817,3008.5,0.5121775812344209
4.71289603178275,32.849193625881625,33.182764785663664,-7595.253113191925,-4949.761688254814,4959.818407993398,-88888.16980073474,-166803.75217722508,3009.0,0.5129180992307261
4.713793012144402,47.1980189104403,23.254997094738407,92600.09696004499,-9491.691928380475,865.0619654467979,-186151.34604836503,-176609.7715150491,3009.5,0.5125287768925458
4.718523596746824,25.255959846916983,26.339704893413604,126726.08162459232,-11379.951837168002,1932.7798919829418,-234306.97674024853,-223057.14498466533,3010.0,0.5119643263116694
4.7207000268982755,-62.27549476921701,16.91842210277655,19795.350443524152,-4880.710369290699,-978.9206553847051,96616.1571797103,108600.36040804586,3010.5,0.5126093994426613
4.719698202010522,-16.018258096311616,47.62339507395412,25166.129501587544,-6866.995925778082,2226.199340936431,-53340.299723729106,-48945.82310659624,3011.0,0.5124572450831527
4.718108591616138,16.682958120443303,27.294069197100207,22104.166460891727,-5690.803455241367,2759.3763659902656,-99842.84786477266,-128384.6237946111,3011.5,0.5128692655133642
4.717008776786906,25.85015055097487,34.63960792294956,24448.968971445855,-5950.281767632524,1532.4725790335706,-39993.69948138883,-75145.09994565154,3012.0,0.5126800423780097
4.7161907064733795,22.825112452737763,36.20710415819946,21308.12691365994,-5609.433786437197,1367.8673306268963,-101575.08116710024,10717.07542299303,3012.5,0.5133356341111179
4.7207146653766054,7.90152670526974,25.238950917961173,29039.46943750308,-5661.01253101363,2316.8795883823186,-31635.03822980229,-174191.20142383582,3013.0,0.512395741331785
4.731798213467782,-0.6144034129016398,33.669777421815546,28773.811004564595,-5982.690913454757,-1323.509267019818,41902.51720633253,41245.66312930315,3013.5,0.5118093542441597
4.720881704796836,30.20639114532172,27.237607322765623,70460.36340434759,-9123.07631786083,2342.3231658284385,-116962.98353662535,-265726.70487327856,3014.0,0.5129647624013711
4.719237807883622,27.121770429577577,38.051045303103315,27451.02252235299,-6481.791955250391,1337.0549230070585,2.2640960513419426,-102938.78012720293,3014.5,0.5132446078011635
4.719748926058103,29.812758055940183,31.749027779676346,-41200.52183981473,-5803.005526768755,8022.595111201053,-187813.80440603872,-293581.7536079725,3015.0,0.5125017761632171
4.715319901496151,46.7585924996855,56.0419807032039,17904.970807565907,-6670.3137588045765,1784.2318197590118,-64647.5752585034,-24106.336106851024,3015.5,0.5138353702096403
4.7152668312496395,53.73381841195446,-10.82882475115031,2387.6362546147307,-1750.0462937588268,3522.0858033823565,-9787.26512965785,154476.93070776958,3016.0,0.5133421351302121
4.719499474108658,40.13034149573488,23.905892640952715,143871.19837126302,-11378.004985091817,271.97624357625904,-246576.9307114601,-97023.96192733009,3016.5,0.5128060897165133
4.72402253109473,11.948649175053946,31.428660465836742,28455.741619021286,-5707.008986277037,730.7263488744237,-73402.00363924493,11938.578610263345,3017.0,0.5125688143024433
4.720578279715317,51.51335591978686,33.179340813476124,68821.56697255823,10452.874035622954,-2619.261547830331,-218652.68433785214,-199701.47602880505,3017.5,0.5129998219240703
4.7211424986107975,82.14818838694566,40.61756006905407,23838.82224631331,-7215.426719870616,1820.5778755823287,9.704336389336316,-166957.87925755797,3018.0,0.513357432713601
4.717867383364928,36.638046225795655,39.55969075760462,18439.650806801863,-6098.428745783487,2342.21266810051,17092.98617510024,-163206.8622026137,3018.5,0.5136317416870902
4.7214812331372755,-15.414640054397806,33.228473309617094,15736.243431469436,-5382.720707797766,3669.375743015305,-99382.83503246182,-105658.6586471129,3019.0,0.5127824736436635
4.726552485663027,40.43397540881665,8.592927918859486,-2201833.864499365,16088.455459413379,-22368.043258388843,-2063792.3392325672,-2453303.319806178,3019.5,0.5117600052992735
4.725361637699493,5.020054689484694,23.95877595816679,27735.329882120528,-5826.068738424887,3130.277459175926,-143354.63402020835,-151138.29246850198,3020.0,0.5130285773140342
4.721757919400234,23.896204863161177,-8.55530211039213,43462.11665216113,-758.6098623370427,5133.968620438585,61588.14724215404,130310.76081582737,3020.5,0.5124417136669783
4.726304800933287,14.04419765768344,19.5427568196646,278947.74353159923,13960.723575828555,-2337.677113543951,-465642.8693119885,-458964.7873378998,3021.0,0.5122903840399426
4.7209885149047635,74.03917648349615,41.877691246843256,18826.771686866614,-6206.725042276392,1383.006540970372,-19207.785587222268,-89397.97881813919,3021.5,0.5130807542995063
4.734940829969218,-6.056203177570135,20.1962226876335,32450.919922500125,-5174.568305681906,-2131.760796970721,76924.15065684987,144211.01985881856,3022.0,0.5116285789104893
4.720840681413201,32.638227712886824,-9.767065762965384,12649.658769310045,-1437.3140732527283,3773.625015421992,-17860.481525164512,178764.32843432893,3022.5,0.511875046108607
4.729883662218856,33.9377610992431,31.195503623146802,69138.36862538874,9889.821468382148,-2831.802625753237,-211800.87975510908,-200439.40614941833,3023.0,0.511596584836627
4.731745925144656,41.866994748983,12.72898496003594,-669516.7657184505,-3298.8787071789616,17385.538363744196,980280.3352638873,200482.9520027943,3023.5,0.5106770269148557
14.557766440972653,30.881314939908208,9.09025426873918,-4099481.0733995577,17748.118986353806,-31374.0944779383,-2217943.6803435534,-3186475.0590448678,3024.0,0.20339479995795984
4.736053268290365,-48.93276390414036,16.19729549170819,19681.630884980674,-4178.892226677071,-724.7522981470114,77245.42050968065,73952.80033521206,3024.5,0.5105635665178923
1.8705537139195647,37.95466852498669,-0.49175720197317957,31553.499675062565,-1132.0652599127834,-2783.4494909961354,137918.54613545752,-101765.01811220853,3025.0,0.510335231722221
4.730835606234906,31.730739390193694,23.552440298233755,215394.70507686236,13712.618105859501,-840.3714492928921,-275553.2161710773,-267340.1233151237,3025.5,0.5102633802180307
4.727579116751588,52.715898737463974,33.10272142054292,24778.47432258568,-5858.865105363503,731.9288181289719,-73371.4193742278,-18487.076258335088,3026.0,0.5103961102769948
4.733370842188279,22.58928049104305,31.807419206708868,63052.36760348977,-8687.925199334386,1159.048935317617,-84406.05055899319,-83151.44775724717,3026.5,0.5099853003733883
4.735966311279364,18.38270163383347,26.768114109065916,196403.6295527943,14089.835049609988,-2500.38132697506,-321247.03259158484,-331867.55035070603,3027.0,0.5091538617648619
4.735396275320968,5.079390030936748,27.557728343438242,-29655.575419376986,-5702.098300491477,7539.699194907817,-220248.253100463,-343817.17402496986,3027.5,0.5095401658332506
1.870498092182741,31.63680453062961,-2.463395160804812,65078.80950183804,-1701.4113708456491,-4145.906696808088,-56448.09973110864,10618.28577171497,3028.0,0.5089000184734879
4.733154090762002,30.32309058876082,31.719038613291044,155323.9383100089,-13347.871306264042,83.52226429663357,-150809.54425136017,-37474.55024601882,3028.5,0.5090198100449707
4.734119476377959,-16.06891267849851,15.566858604715424,43987.27793143456,-6131.843263077448,-2989.57509303738,238989.460409115,304193.9060734642,3029.0,0.5087820291736027
4.734373468832232,20.396757027482415,-6.690409171884703,32923.494052452545,-1735.100845651806,4860.745405034466,112842.25862375628,216606.8617865763,3029.5,0.5086347776909543
4.735758727426612,26.832223433234155,24.304319014321962,117862.76801408696,-10338.224689105422,1101.366402965965,-205186.34389670237,-131399.9192777058,3030.0,0.5082901623171321
4.734333025078195,44.50489410122527,-8.653440528178136,27742.28364777537,189.53584337188042,4161.868445109524,-33479.54936152342,116709.1586715526,3030.5,0.5077043279838086
4.736191721008365,21.00506939543677,21.529788721581973,253748.76020635403,14253.55119061528,-2144.902998741231,-429776.5128580356,-432409.3295324938,3031.0,0.5080325288357735
4.735096115343131,4.569993014176168,24.903804814998008,14336.141222151075,-4892.5556574136845,3234.0825801058445,-104161.8441260726,-136740.01712314977,3031.5,0.5078541364420414
1.8694781481622107,39.37135769412028,-9.956873153278732,17129.37930896803,-1022.9571123278939,3955.5484432112817,24990.921780913857,117533.33348558324,3032.0,0.5081840778225737
4.7345931178238025,28.92789950109889,0.48258187003284786,41835.94285446979,-1634.9757619189354,-2631.947420124053,-50855.72988154213,19266.8900857236,3032.5,0.5075334895526592
4.736853122861981,46.90050614589476,27.925345965604173,128942.90227400839,-11876.416559791694,616.9312980837242,-156052.74011187322,-196590.47202148024,3033.0,0.507692319759675
4.740914670019633,-21.42053982444503,37.08238113155732,42975.70980671367,-7540.131276821644,1062.4898288575048,-47.79676439139352,-50522.95808074716,3033.5,0.5070724340291793
4.732819565134937,16.62098886855943,-12.08600274636999,32037.148924332563,-181.2185025607894,4570.131271745131,-23.487166369690573,53562.46018701133,3034.0,0.5071728956175223
4.739353310353063,37.182583754795466,32.77791079648289,54903.0184722855,-8237.704288868308,479.643380791894,-58538.12590093747,-57381.29737062906,3034.5,0.5070479767716611
4.730389893530577,90.4742672582095,39.761916026009935,24224.800030622642,-7520.782132070327,2017.4460420382338,-36.01140634344743,-195290.8665426809,3035.0,0.5077171066718024
4.743629125606284,35.29475426551795,29.443470416781125,52377.40935036173,-7500.794824960097,49.33413648496796,-48745.5861781779,-30369.405581472845,3035.5,0.5063613709359925
4.739884110014986,-23.303417453159526,14.358888630809256,20905.731437533872,-5093.11363205155,-2693.304082386165,214348.79149379002,235605.18904555033,3036.0,0.5067505222154091
4.749897125201544,-43.513358635483904,40.78733458431425,25142.680570956156,-6128.322080736678,261.5948570100604,2370.560320659989,12366.902205180744,3036.5,0.5065242036095564
4.740600113379305,35.63550567945923,26.94110691568365,83754.4212328303,10034.855019198152,-2476.250156890086,-114029.87145462012,-358648.3030667521,3037.0,0.5062567331116092
4.736826403070091,19.816484072030896,26.157781169968725,158514.7846663929,12692.105795116078,-2635.665095951632,-317465.86183168483,-304974.08782063756,3037.5,0.5064813975681705
4.742644892789069,44.821972065397624,33.55497514951615,61871.301182572286,-9046.929439575119,825.0676616341381,-88424.21404468072,-86662.45898462813,3038.0,0.5060956958656297
4.743329306134499,-22.17177876572623,51.76279996283097,23900.02931522751,-7007.696797032703,2410.918639660266,-52271.00144325525,-49183.476255563255,3038.5,0.5060227268930118
4.740457531929876,40.148808138419,28.007866696108582,75010.74440060003,-8656.567847766819,-624.4125970142904,-108689.81855940877,51300.93219905043,3039.0,0.5055795431740044
4.73871165735092,33.153793680418886,33.44879527414376,29115.850441714894,-6077.952840805856,542.8057910433259,-120497.87289765998,51490.18993976486,3039.5,0.5062235951323675
4.739005598988086,47.06466800330906,-31.567911377106295,182083.53110324126,-7606.004629901766,19719.50859680502,739376.8598570405,867479.1418596733,3040.0,0.5057375664244854
1.8724477822118444,30.88769916926717,29.151496207190725,84485.84145862312,-9346.419641403128,-186.52810946263727,-72948.79996520228,-2827.439716289772,3040.5,0.5050255717770795
4.740810520437791,19.578452895313852,32.61409610454472,29759.582391871023,-6025.814895440741,822.3099697935804,-49948.718223887394,-26066.83884636954,3041.0,0.5061203579782501
4.748614975522167,-34.19852434873608,32.27019213132594,27517.826999932793,-5722.550299442304,-262.6279828456207,19895.119088638286,28297.06537364298,3041.5,0.5051707216636627
4.740748213922043,19.461477246324733,56.54225802243485,22479.102968423627,-7414.727963060321,2374.580566092317,-62872.44374135499,-51944.33023106364,3042.0,0.5058934411917462
4.739902360390711,26.63056111087531,31.204244486894122,38808.928078200355,-6731.703043028188,689.0965763662981,-52542.27028722335,-40534.3170635905,3042.5,0.5050329945757938
4.7389255897025215,20.648763904533322,-4.972621897788589,39237.978773902505,-433.8058170318056,4149.49934530823,-1662.5788588440473,168801.19339407454,3043.0,0.5054098234940645
4.746355585791471,-5.938159400409607,25.17107487767054,10346.433389059048,-2986.2119751925943,454.0341757050418,-15572.073193167756,-2309.627939626572,3043.5,0.5055887354673276
4.741284838412499,20.037195576219332,33.090251693715054,36389.00614925546,-6782.067600481658,1147.381134514794,-22610.223286866436,-88022.74661366349,3044.0,0.5050537171017722
4.740906755278413,3.913736486440974,36.81806920927567,41142.4428056971,-7667.886057579843,2020.04825457626,27.270177153568422,-155261.79378519667,3044.5,0.5053598490156881
4.740994462830187,25.808295914957863,-10.477006508183061,32094.6754254268,-976.9005599045781,4840.51768453949,85734.77079041314,82824.86253038181,3045.0,0.5044500916054031
1.8694602656014478,46.536827985195906,-11.84029290647938,9842.662078164978,-1181.9289048087342,3548.642999871413,30948.966374106774,83968.28878201028,3045.5,0.5049891677832782
4.73924598834135,24.801909556893875,-8.012978474234393,21492.333583716234,-1051.9996627936991,3898.824556343644,-16781.19751804225,177208.26000298618,3046.0,0.5044565062628837
4.744935814072891,20.32679796222651,28.410623759755325,131163.46911560599,-11468.752534648107,221.08461422202868,-88589.80762684476,-59222.80928008644,3046.5,0.5048561807080258
1.87409050637596,4.478916532608701,21.824016195565918,44129.9552246892,-5753.424750842298,-1346.5312953571256,61583.57302535082,66648.57523996808,3047.0,0.5036348310168177
4.743373362603895,25.515029034966794,15.313955976078962,-283347.4727775559,-3305.799771893327,11459.465204296514,-37828.284735928,-340924.33965622354,3047.5,0.5046004007330704
4.75095642088519,-23.28731952792351,48.84970084540884,25663.480994950867,-7022.237805918472,2420.0434069401504,-58023.8694233371,-49225.31619518384,3048.0,0.5040797664593013
4.748227142413663,6.95745033438568,23.27784956558972,232993.19696650506,13854.722849416808,-2428.906392373759,-325132.58779505815,-319903.9963889193,3048.5,0.5036462483280318
1.8726217023406837,41.51002709850133,0.017217807242370278,30244.00940229878,-997.7246243111738,-2913.6545445422175,194882.91927966647,-115779.30120642598,3049.0,0.5040240408604977
4.748627142313294,18.276730561418155,34.832417111081455,28661.690046435324,-6393.259349383312,1731.5894966700123,-102902.14621348899,-28179.691031341517,3049.5,0.504357244835209
4.746293674455815,37.17554639737392,21.769077319184042,71718.00378476558,-7333.126168198274,-834.2869091801565,92482.60721994365,-137805.19158943734,3050.0,0.5042669415745391
1.8447361641757527,-28.76494700204703,-17.475638626883708,-199.17633897466,-631.9898622336883,348.56494090800555,-1259.484342593129,4870.494806224058,0.0,0.5156070854165482
